https://www.nmu.edu,https://www.nmu.edu#main-content
https://www.nmu.edu,https://nmu.edu
https://www.nmu.edu,https://www.nmu.edu/admissions
https://www.nmu.edu,https://www.nmu.edu/programs
https://www.nmu.edu,https://www.nmu.edu/tuition
https://www.nmu.edu,https://www.nmu.edu/housing
https://www.nmu.edu,https://www.nmu.edu/financialaid
https://www.nmu.edu,https://www.nmu.edu/veterans
https://www.nmu.edu,https://www.nmu.edu/graduatestudies
https://www.nmu.edu,https://www.nmu.edu/online
https://www.nmu.edu,https://www.nmu.edu/internationalprograms
https://www.nmu.edu,https://www.nmu.edu/orientation
https://www.nmu.edu,https://www.nmu.edu/visit
https://www.nmu.edu,https://www.nmu.edu/wellbeing
https://www.nmu.edu,https://www.nmu.edu/requestinfo
https://www.nmu.edu,https://www.nmu.edu/catalog
https://www.nmu.edu,https://www.nmu.edu/catalog-grad
https://www.nmu.edu,https://www.nmu.edu/success
https://www.nmu.edu,https://www.nmu.edu/dso
https://www.nmu.edu,https://www.nmu.edu/studentenrichment
https://www.nmu.edu,https://www.nmu.edu/counselingandconsultation
https://www.nmu.edu,https://www.nmu.edu/healthcenter
https://www.nmu.edu,https://www.nmu.edu/recsports
https://www.nmu.edu,https://www.nmu.edu/registrar
https://www.nmu.edu,https://www.nmu.edu/calendars
https://www.nmu.edu,https://mynmu.nmu.edu
https://www.nmu.edu,https://educat.nmu.edu
https://www.nmu.edu,https://www.nmu.edu/wellbeing
https://www.nmu.edu,https://www.nmu.edu/current-students
https://www.nmu.edu,https://www.nmu.edu/athletics
https://www.nmu.edu,https://www.nmu.edu/alumni
https://www.nmu.edu,https://foundation.nmu.edu
https://www.nmu.edu,https://www.nmu.edu/northerncenter
https://www.nmu.edu,https://www.nmu.edu/continuingeducation
https://www.nmu.edu,https://www.nmu.edu/ean
https://www.nmu.edu,https://www.nmu.edu/parents
https://www.nmu.edu,https://www.nmu.edu/youth-programs
https://www.nmu.edu,https://news.nmu.edu
https://www.nmu.edu,https://www.nmu.edu/events-and-announcements
https://www.nmu.edu,https://tickets.nmu.edu
https://www.nmu.edu,https://www.nmu.edu/give
https://www.nmu.edu,https://www.nmu.edu/
https://www.nmu.edu,https://apply.nmu.edu
https://www.nmu.edu,https://www.nmu.edu/keyword-search?search=athletics
https://www.nmu.edu,https://www.nmu.edu/keyword-search?search=my nmu
https://www.nmu.edu,https://www.nmu.edu/keyword-search?search=academic calendar
https://www.nmu.edu,https://www.nmu.edu/keyword-search?search=employment
https://www.nmu.edu,https://www.nmu.edu/keyword-search?search=Housing
https://www.nmu.edu,https://www.nmu.edu/keyword-search?search=Tuition
https://www.nmu.edu,https://www.nmu.edu/keyword-search?search=human resources
https://www.nmu.edu,https://www.nmu.edu/keyword-search?search=catalog
https://www.nmu.edu,https://nmu.edu/apply
https://www.nmu.edu,https://nmu.edu/programs
https://www.nmu.edu,https://nmu.edu/programs
https://www.nmu.edu,https://nmu.edu/admissions/request-info
https://www.nmu.edu,https://nmu.edu/admissions/request-info
https://www.nmu.edu,https://nmu.edu/admissions/visit/
https://www.nmu.edu,https://nmu.edu/admissions/visit/
https://www.nmu.edu,https://nmu.edu/programs
https://www.nmu.edu,https://nmu.edu/programs
https://www.nmu.edu,https://nmu.edu/admissions/request-info
https://www.nmu.edu,https://nmu.edu/admissions/request-info
https://www.nmu.edu,https://nmu.edu/admissions/visit/
https://www.nmu.edu,https://nmu.edu/admissions/visit/
https://www.nmu.edu,https://apply.nmu.edu/
https://www.nmu.edu,https://www.nmu.edu/admissions/programs
https://www.nmu.edu,https://www.nmu.edu/admissions/visit
https://www.nmu.edu,https://www.nmu.edu/admissions/request-info
https://www.nmu.edu,https://www.nmu.edu/admissions/admitted
https://www.nmu.edu,https://nmu.edu/graduatestudies/programs-and-requirements
https://www.nmu.edu,https://www.nmu.edu/graduatestudies
https://www.nmu.edu,https://www.nmu.edu/graduatestudies/request-info
https://www.nmu.edu,https://www.nmu.edu/online/course-search
https://www.nmu.edu,https://nmu.edu/online/transfer
https://www.nmu.edu,https://www.nmu.edu/online/request-information
https://www.nmu.edu,https://nmu.edu/admissions/mas
https://www.nmu.edu,https://nmu.edu/admissions
https://www.nmu.edu,https://nmu.edu/wellbeing
https://www.nmu.edu,https://nmu.edu/graduatestudies/
https://www.nmu.edu,https://nmu.edu/housing
https://www.nmu.edu,https://nmu.edu/financialaid
https://www.nmu.edu,https://www.nmu.edu#statCarousel_1538
https://www.nmu.edu,https://www.nmu.edu#statCarousel_1538
https://www.nmu.edu,https://www.facebook.com/NorthernMichiganU
https://www.nmu.edu,https://www.instagram.com/northernmichiganu/
https://www.nmu.edu,https://twitter.com/NorthernMichU/
https://www.nmu.edu,https://www.youtube.com/user/NorthernMichiganU
https://www.nmu.edu,https://www.linkedin.com/school/northern-michigan-university/
https://www.nmu.edu,https://www.nmu.edu/atozsearch
https://www.nmu.edu,https://www.nmu.edu/about
https://www.nmu.edu,https://www.nmu.edu/academicaffairs
https://www.nmu.edu,https://www.nmu.edu/campusmap
https://www.nmu.edu,https://www.nmu.edu/equalopportunity
https://www.nmu.edu,https://www.nmu.edu/facultystaff
https://www.nmu.edu,https://www.nmu.edu/library
https://www.nmu.edu,https://www.nmu.edu/calendar
https://www.nmu.edu,https://www.michigan.gov/mistudentaid
https://www.nmu.edu,https://www.nmu.edu/mission
https://www.nmu.edu,https://www.nmu.edu/mc
https://www.nmu.edu,https://jobs.nmu.edu
https://www.nmu.edu,https://educat.nmu.edu
https://www.nmu.edu,https://www.nmu.edu/ean
https://www.nmu.edu,https://mynmu.nmu.edu
https://www.nmu.edu,https://www.nmu.edu/digital-accessibility/
https://www.nmu.edu,javascript:void(0)
https://www.nmu.edu,https://www.nmu.edu/alumni
https://www.nmu.edu,https://www.nmu.edu/athletics
https://www.nmu.edu,https://www.nmu.edu/bookstore
https://www.nmu.edu,https://foundation.nmu.edu
https://www.nmu.edu,http://invent.nmu.edu
https://www.nmu.edu,https://www.nmu.edu/ots
https://www.nmu.edu,https://news.nmu.edu
https://www.nmu.edu,https://nmu.edu/admissions/contact
https://www.nmu.edu,https://nmu.edu/boardoftrustees
https://www.nmu.edu,https://nmu.edu/president
https://www.nmu.edu,https://nmu.edu/mc/PrivacyStatement
https://www.nmu.edu,https://nmu.edu
https://www.nmu.edu,https://www.nmu.edu/finance/transparency_reporting
https://www.nmu.edu,https://www.nmu.edu/campus-safety
https://www.nmu.edu,https://www.nmu.edu/boardoftrustees
https://www.nmu.edu,https://www.nmu.edu/equalopportunity
https://www.nmu.edu,https://www.nmu.edu#
